Timestamp,gender,extrovert_introvert,hours,sleep
4/8/2025 21:42:47,Female,Introvert,7,6
4/9/2025 10:22:56,Female,Introvert,15,4
4/9/2025 10:33:37,Female,Introvert,14,6
4/9/2025 10:35:26,Female,Extrovert,7,8
4/9/2025 10:37:35,Male,Introvert,3,10
4/9/2025 10:39:11,Female,Introvert,10.5,7.5
4/9/2025 10:43:35,Female,Extrovert,8,8
4/9/2025 10:44:29,Female,Introvert,6,5.5
4/9/2025 10:50:08,Female,Introvert,10,12
4/9/2025 11:05:23,Male,Extrovert,5,8
4/9/2025 11:11:17,Male,Introvert,3,7
4/9/2025 11:15:10,Female,Extrovert,8,7
4/9/2025 12:02:12,Male,Extrovert,8,7
4/9/2025 12:06:24,Female,Introvert,5,7
4/9/2025 12:07:09,Female,Introvert,6.5,9
4/9/2025 12:10:39,Female,Introvert,10,7
4/9/2025 12:11:09,Female,Introvert,4,6
4/9/2025 12:12:08,Female,Extrovert,4,7
4/9/2025 12:57:44,Female,Introvert,10,6
4/9/2025 12:59:30,Male,Extrovert,4,6
4/9/2025 13:00:34,Female,Introvert,11,7
4/9/2025 13:20:42,Male,Introvert,8,7
4/9/2025 13:35:51,Male,Introvert,8,6
4/9/2025 14:06:43,Female,Introvert,7,7
4/9/2025 15:05:58,Female,Introvert,3,5
4/9/2025 15:13:11,Female,Introvert,10,8
4/9/2025 15:56:03,Female,Introvert,5,7.5
4/9/2025 16:14:12,Female,Introvert,3,8
4/9/2025 16:45:33,Female,Extrovert,3,8
4/9/2025 16:56:15,Female,Introvert,12,8
4/9/2025 17:48:32,Female,Introvert,3,7
4/9/2025 19:23:30,Male,Extrovert,2,4
4/9/2025 21:22:04,Female,Extrovert,14,6
4/10/2025 8:22:21,Female,Extrovert,7,7
4/10/2025 8:22:26,Female,Introvert,6,10
4/10/2025 8:23:09,Female,Extrovert,12,9
4/10/2025 8:28:53,Male,Introvert,5,8
4/10/2025 8:32:37,Female,Extrovert,4,8.5
4/10/2025 8:33:28,Female,Introvert,6,5
4/10/2025 8:37:50,Female,Introvert,2,6
4/10/2025 8:47:12,Female,Introvert,7,6
4/10/2025 9:02:18,Female,Introvert,4,6
4/10/2025 9:02:29,Male,Extrovert,6,6
4/10/2025 9:02:49,Other,Introvert,9,5
4/10/2025 9:17:31,Male,Introvert,7,8
4/10/2025 9:32:55,Female,Introvert,6,8
4/10/2025 9:46:49,Other,Introvert,10,6
4/10/2025 10:08:26,Female,Extrovert,3.5,6
4/10/2025 10:25:46,Female,Introvert,12,7
4/10/2025 11:12:27,Male,Extrovert,1,9
4/10/2025 11:35:53,Male,Introvert,5,7
4/10/2025 11:35:53,Female,Extrovert,4,7
4/10/2025 11:36:06,Male,Extrovert,5,8
4/10/2025 11:36:17,Female,Introvert,9,9
4/10/2025 11:36:19,Female,Introvert,5,5
4/10/2025 11:36:28,Male,Introvert,3,8
4/10/2025 11:36:36,Male,Introvert,6,8
4/10/2025 11:36:47,Male,Extrovert,4,9
4/10/2025 11:36:57,Male,Extrovert,7,8
4/10/2025 11:37:03,Other,Introvert,1.5,6
4/10/2025 11:37:22,Male,Extrovert,4,6
4/10/2025 11:37:34,Male,Introvert,5,8
4/10/2025 11:38:48,Male,Introvert,12,7
4/10/2025 11:38:48,Female,Extrovert,10,5
4/10/2025 11:40:06,Male,Introvert,8,7
4/10/2025 11:40:57,Male,Introvert,6,7
4/10/2025 11:44:26,Male,Extrovert,4,7
4/10/2025 12:00:42,Male,Introvert,7,6
4/10/2025 12:01:28,Male,Extrovert,2,8
4/10/2025 12:01:33,Female,Introvert,5,7
4/10/2025 12:01:35,Female,Introvert,5,6
4/10/2025 12:01:50,Female,Extrovert,7.5,5
4/10/2025 12:02:14,Female,Extrovert,3,6
4/10/2025 12:02:25,Female,Introvert,5,7
4/10/2025 12:02:43,Female,Introvert,2,7
4/10/2025 12:02:44,Male,Introvert,9,6
4/10/2025 12:03:07,Female,Introvert,6,9
4/10/2025 12:03:09,Male,Introvert,9,8
4/10/2025 12:03:11,Female,Introvert,4,5
4/10/2025 12:03:17,Male,Extrovert,3,7
4/10/2025 12:03:19,Male,Introvert,6,6
4/10/2025 12:03:20,Female,Extrovert,3,7
4/10/2025 12:03:55,Other,Introvert,7,4
4/10/2025 12:03:56,Female,Introvert,9,9
4/10/2025 12:06:06,Male,Extrovert,2,8
4/10/2025 12:09:28,Female,Extrovert,4,7
4/10/2025 12:09:47,Female,Introvert,5,10
4/10/2025 12:09:48,Female,Extrovert,13,24
4/10/2025 12:10:08,Female,Extrovert,1,23
4/10/2025 12:10:11,Female,Introvert,6,7
4/10/2025 12:10:21,Male,Extrovert,21,3
4/10/2025 12:10:34,Male,Extrovert,11,19
4/10/2025 12:10:47,Female,Extrovert,4,6
4/10/2025 12:11:05,Other,Extrovert,4,8
4/10/2025 12:11:25,Male,Extrovert,8,7
4/10/2025 12:11:57,Female,Introvert,3,6
4/10/2025 12:11:58,Female,Extrovert,3,12
4/10/2025 12:12:11,Female,Introvert,24,24
4/10/2025 12:12:26,Female,Extrovert,12,7
4/10/2025 12:13:51,Female,Extrovert,4,7
4/10/2025 12:14:29,Female,Introvert,7,8
4/10/2025 12:15:14,Female,Extrovert,3,8
4/10/2025 12:15:58,Female,Extrovert,2,8
4/10/2025 12:17:34,Male,Introvert,8,7
4/10/2025 12:18:48,Male,Introvert,10,5
4/10/2025 12:19:30,Female,Extrovert,5,8
4/10/2025 12:20:06,Female,Introvert,3,8
4/10/2025 12:21:20,Male,Introvert,2,8
4/10/2025 12:21:50,Female,Introvert,8,7
4/10/2025 12:22:23,Male,Introvert,4,7
4/10/2025 12:22:34,Male,Introvert,6,7
4/10/2025 12:29:01,Male,Introvert,7,7
4/10/2025 12:32:04,Male,Extrovert,7,13
4/10/2025 12:34:43,Female,Extrovert,3,8
4/10/2025 12:35:38,Male,Extrovert,2,6
4/10/2025 12:39:00,Female,Introvert,8,6
4/10/2025 12:39:46,Female,Extrovert,3,6
4/10/2025 12:41:07,Female,Introvert,6,6.5